sample_name,sample_number,species_short,species_full,location,lifestyle_2,lifestyle_4,colonial
1_Cvorax_T1,1,C. vorax,Cupelopagis vorax,Mixed,Sessile,Sessile solitary,Solitary
3_PB_prot_T1,3,S. socialis,Sinantherina socialis,Lab,Sessile,Sessile colonial,Colonial
4_PB_SS_prot_T1,4,S. socialis,Sinantherina socialis,Lab,Sessile,Sessile colonial,Colonial
5_PB_Ssoc_T1,5,S. socialis,Sinantherina socialis,Lab,Sessile,Sessile colonial,Colonial
6_Ppat_ojo_de_La_Casa_T1,6,P. patulus,Plationus patulus,Ojo de la Casa,Motile,Motile solitary,Solitary
9_Pines_Cvorax_T1,9,C. vorax,Cupelopagis vorax,Pines Lake,Sessile,Sessile solitary,Solitary
10_Mantua_Cvorax_T1,10,C. vorax,Cupelopagis vorax,Mantua,Sessile,Sessile solitary,Solitary
11_Lflosculosa_laguna_prieta_T1,11,L. flosculosa,Lacinularia flosculosa,Laguna Prieta,Sessile,Sessile colonial,Colonial
13_Moon_Lake_Cvorax_T1,13,C. vorax,Cupelopagis vorax,Moon Lake,Sessile,Sessile solitary,Solitary
14_Hex_Tip_Top_Hueco_T1,14,Hexarthra sp.,Hexarthra sp.,Tip Top Hueco,Motile,Motile solitary,Solitary
15_Ssoc_T1,15,S. socialis,Sinantherina socialis,Lab,Sessile,Sessile colonial,Colonial
18_Hex_Luisa_T1,18,Hexarthra sp.,Hexarthra sp.,Luisa,Motile,Motile solitary,Solitary
19_Conochilus_Nockamixon_T1,19,C. hippocrepis,Conochilus hippocrepis,Lake Nockamixon,Motile,Motile colonial,Colonial
22_T1,22,E. kingi,Euchlanis kingi,Crystal Lake,Motile,Motile solitary,Solitary
23_T1,23,P. patulus,Plationus patulus,Ojo de la Punta,Motile,Motile solitary,Solitary
24_T1,24,P. patulus,Plationus patulus,Ojo de la Punta,Motile,Motile solitary,Solitary
25_T1,25,P. patulus,Plationus patulus,McKinney,Motile,Motile solitary,Solitary
26_T1,26,L. flosculosa,Lacinularia flosculosa,Laguna Prieta,Sessile,Sessile colonial,Colonial
27_T1,27,N. copeus,Notommata copeus,Rattlesnake,Motile,Motile solitary,Solitary
28_T1,28,C. hippocrepis,Conochilus hippocrepis,Album,Motile,Motile colonial,Colonial
